<?xml version="1.0" encoding="utf-8"?>
<portfolio>
    <index>
        <title> Obras lidas em Literatura inglesa </title>
        <date> 2016 - 2019 </date>
        <student>
            <n>Tânia Alexandra </n> 
            <number> pg39392 </number>
            <email>tania.rego97@gmail.com</email>
            <masters> Humanidades Digitais </masters>
        </student>
        <description> <p>Neste portfolio consta um índice das obras lidas na UC de Literatura Inglesa, na licenciatura em Línguas e Literaturas Europeias, entre os anos 2016 e 2019. Neste índice encontramos então o título de todas as obras abordadas nos anos referidos. Ao abrir o link respetivo, somos direcionados para uma nova página onde é possível encontrar o nome das obras, o seu respetivo autor, data de publicação, uma breve sinopse e uma ligação para um pdf da respetiva obra. </p>
        <p>Este portfólio foi criado no âmbito da UC de Publicação Eletrónico do ano de 2020, senda esta umas das UC's opcionais para o Mestrado de Humanidades Digitais.</p> </description>
    </index>
    <years>
        <report>
            <novel>
                <ntitle>Dubliners - "The Dead" </ntitle>
                <author> James Joyce </author>
                <published> Junho, 1914 </published>
                <descrnovel> <p>"'The Dead,' alongside different stories in Joyce's Dubliners, happens in Dublin, Ireland, in the mid twentieth century. It is winter, and the characters are going to a vacation party at the home of the fundamental characters' aunties. Toward the finish of the story, the setting movements to a taxi ride through the early morning day off then to a lodging where the hero and his better half will go through the night. </p> 
                <p>An educator and a part-timr book reviewer named Gabriel Conroy goes to a Christmastime party tossed by his aunties (Kate and Julia Morkin, great ladies in the realm of Dublin music) at which he hits the dance floor with an individual instructor and conveys a concise discourse. As the gathering is separating, Gabriel observes his significant other, Gretta, tuning in to a melody sung by the eminent tenor Bartell D'Arcy, and the force of her emphasis on the music makes him feel both wistful and lewd. In a lodging later, Gabriel is crushed to find that he has misjudged Gretta's emotions; she has been moved by the memory of a youthful darling named Michael Furey who went before Gabriel, and who kicked the bucket for the love of Gretta. Gabriel understands that she has never felt also enthusiastic about their marriage. He feels alone and significantly mortal, however profoundly associated unexpectedly with others." </p> </descrnovel>
                <link><a href="Dubliners-The Dead.pdf" target="_blank">PDF</a></link>
            </novel>
        </report>

        <report>
            <novel>
                <ntitle> Tess of the d'Urbervilles </ntitle>
                <author> Thomas Hardy </author>
                <published> 1891 </published>
                <descrnovel><p> "After her ruined family learns of its honorable ancestry, gullible Tess Durbeyfield is sent by her lazy dad and uninformed mother to make an appeal to a close by affluent family who bear the hereditary name d'Urberville. Tess, appealing and guiltless, is lured by lewd Alec d'Urberville and subtly bears a kid, Sorrow, who bites the dust in earliest stages. Later functioning as a dairymaid, she meets and weds Angel Clare, a hopeful man of honor who rejects Tess subsequent to learning of her past on their wedding night. Genuinely deprived and monetarily ruined, Tess is caught by need into giving in by and by to d'Urberville, yet she kills him when Angel returns." </p></descrnovel>
            </novel>
        </report>

        <report>
            <novel>
                <ntitle> The Mark on the Wall </ntitle>
                <author> Virginia Wolf </author>
                <published> 1917 </published>
                <descrnovel> "An unknown first-individual storyteller reviews a second in the center of January when she first gazes upward and sees an imprint on the divider. She is lost in a dream while gazing at the consuming coals in the fire, thinking about a "crimson flag flapping from the castle tower" and red knights riding up dark rocks. Seeing the blemish on the divider intrudes on her dream. It is "a small round mark, black upon the white wall, about six or seven inches above the mantelpiece." The storyteller muses, "How readily our thoughts swarm upon a new object," attempting to sort out what it is and what it implies with regards to different environmental factors. She contemplates whether the imprint was made by the past proprietors of the house, and thinks about how weird it is that she will probably never observe them again or realize what occurred next in their lives.  The storyteller considers getting up to research the imprint however understands that she could always be unable to state for certain where it came from. This line of reasoning leads her to consider "the inaccuracy of thought" and how little control individuals have over their environmental factors and assets. Items are much of the time lost. She thinks about how life passes by instantly, contrasting it with going on the underground (tram) at 50 miles for each hour just to be "shot out at the feet of God entirely naked!" She contemplates the notion that life passes rapidly and is full of "waste and repair; all so casual, all so haphazard."" </descrnovel>
                <link><a href="The Mark on the Wall.pdf" target="_blank">PDF</a></link>
            </novel>
        </report>

        <report>
            <novel>
                <ntitle> The Garden Party </ntitle>
                <author> Katherine Mansfield </author>
                <published> 1922 </published>
                <descrnovel> In “The Garden Party”, Katherine Mansfield explored the use of the third person narration from Laura’s point of view, giving the reader a simultaneous insight into the main character’s thoughts while witnessing her actions. Mansfield allows the reader to know Laura’s exclusive perspective, while the story evolves, which is only possible by her frequent use internal monologues. (She is also known for her ambiguous endings) Her preference for the female perspective was unprecedented for that time which was clear not only in her work but also in the life when she decided that writing would be her career and not marriage. As an unconventional short story, “The Garden Party” begins in medias res, with no traditional introduction and it is told over the course of few hours. Just as her contemporaries, Mansfield chosen to focus on the center of her plot on a single moment in time, demonstrating how small events, such as garden parties, can change the character perspective on life leading to life alternating results. For instance, Laura Sheridan’s view of the world is shaken by the dead of her neighbor, Mr. Scott, which makes reevaluate her thoughts on relations. </descrnovel>
                <link><a href="THE-GARDEN-PARTY.pdf" target="_blank">PDF</a></link>
            </novel>
        </report>

        <report>
            <novel>
                <ntitle> The Bloody Chamber And Other Stories </ntitle>
                <author> Angela Carter </author>
                <published> 1979 </published>
                <descrnovel> "The anonymous storyteller of "The Bloody Chamber" is a 17-year-old young lady from Paris who weds a rich Marquis notwithstanding her mom's reservations. After the wedding she travels with him to his isolated manor where, on their special night, he leaves her with the keys to all the entryways in the stronghold however advises her never to utilize the littlest one. The young lady utilizes the prohibited key and finds the tormented and ridiculous assemblages of the Marquis' previous spouses. The Marquis gets back and educates her he will rebuff her by executing, yet her mom shows up in the nick of time to shoot the Marquis dead with her pistol." </descrnovel>
            </novel>
        </report>

         <report>
            <novel>
                <ntitle>Frankenstein </ntitle>
                <author> Mary Shelly </author>
                <published> 1823 </published>
                <descrnovel> <p>The novel’s origin: when in Geneva, the Shelley’s’ had been reading ghost stories when Byron suggested that they should write a ghost story. While writing her, Mary Shelley was inspired on a conversation between Byron and Shelley upon the “the principle of life”. She seems to have had a vision of her scientist-hero animating a corpse. Frankenstein is a product of the 18th-century trend on Gothic novels of horro, but it is an innovative work in many aspects, like its protagonist. It has been considered a tale warning about the dangers that society may encounter when applying experimental science.</p>  <p>CENTRAL THEMES- The scientist Dr Frankenstein is an example of the Faustian and Promethean spirit of ambition that, according to M. Shelley, leads ultimately to his destruction and the death of all he loves. The being that he creates represents the Romantic concern with human isolation. It is a modern myth because of the society’s concerns when it comes to the human creative power. </p></descrnovel>
            </novel>
        </report>

        <report>
            <novel>
                <ntitle> The Picture of Dorian Gray </ntitle>
                <author> Oscar Wilde </author>
                <published> Julho, 1890 </published>
                <descrnovel> The novel is about a young man named Dorian Gray, the subject of the painting by Basil Hallward. The painter believes that Dorian’s beauty can change his art. Dorian is overwhelmed by how Lord Henry Wotton views the world convincing Dorian to follow a new hedonism and convincing him that beauty and fulfillment of the senses are the only things worth pursuing in life. After realizing that his envied beauty will fade, he decides to sell his soul in order to remain young and only the portrait, made by Basil, to age. Because of the fulfillment of his wish and the influence of Lord Henry, Dorian chases a life of pleasures while the portrait ages and reminds him how each of his acts affect his soul. The main characters are then Dorian Gray, Lord Henry Wotton and Basil Hallward. 
                </descrnovel>
            </novel>
        </report>

        <report>
            <novel>
                <ntitle> The Goblin Market </ntitle>
                <author> Christina Rossetti </author>
                <published> 1862 </published>
                <descrnovel> “Goblin Market and Other Poems” was the collection that launched Rossetti as the main female poet of the time and received critical praise. At first the story seems to be about 2 sisters and their adventures with goblin but for critics the story has various interpretations: one reading is religious, and the other focuses on gender and sexuality. In the religious interpretation, the characters are compared to figures of the bible for example, Laura represents Eve, the goblin men are the equivalent of Satan and Lizzie is the Christ figure. The fruits represent the temptations of life and just like in the Bible; the fruit brings death and destruction. In the second interpretation it is possible to see symbols of repressed sexual desire and sexual violence.  In the beginning, both Laura and Lizzie are described as innocent, but Laura’s curiosity appears to win. Rossetti then creates a struggle between the costs of chasing lust and the need to explore human desires. </descrnovel>
            </novel>
        </report>

        <report>
            <novel>
                <ntitle> Wuthering Heights </ntitle>
                <author> Emily Brontë </author>
                <published> 1847 </published>
                <descrnovel> Her novel, “Wuthering Heights” is considered to be different from the normal English Novel. The characters obey to their natures and it seems to not have a moral dimension. Heathcliff is the protagonist and his life is depicted as a ridicule capitalist activity. Nelly Dean is a female narrator that also shows the reader a world where men fight for the favors of women. Wuthering Height’s household is considered a family where women are in charge and where patriarchal laws are confronted. The novel has a big variety of languages with dialect variations. Typical of the Victorian period, Wuthering Heights has elements of the Romantic Gothic and the Domestic realistic fiction.  Catherine Earnshaw is the heroine, she breaks the Victorian female stereotypes by blending masculine and feminine qualities. Catherine's challenge of gender norms is portrayed positively, while the feminine qualities embodied by her husband, Edgar, are not. The two genres are mixed and continuous so as to produce a structural continuity. Considerations of class status often inform the characters’ motivations, such as Catherine’s decision to marry Edgar. The Lintons are relatively firm in their gentry status but still go through a lot of troubles to prove their status through their behaviours, while the Earnshaws are not that secure socially. </descrnovel>
            </novel>
        </report>

        <report>
            <novel>
                <ntitle> Hard Times </ntitle>
                <author> Charles Dickens </author>
                <published> 1854 </published>
                <descrnovel> In “Hard Times”, published in “Household Words”, it’s about the English Society and focuses in emphasizing the social and economic pressures of the times. It is about the condition of the factory life and its consequences on the workers who are victims of its danger and exhausting boredom. Dickens itself traveled to Preston to personally experience the life of an industrial city. The Utilitarians were great targets of the novel because Dickens thought that the pursuit of a rationalized society could cause despair, so he satirizes radical Utilitarians as he also wants to fight for a reform of the working conditions. The most important themes are, then, the opposites between Fact and Fancy, the importance of femininity and the mechanization of humans as the industrialization seems to turn humans into machines by preventing them of having emotions and imagination. </descrnovel>
            </novel>
        </report>

        <report>
            <novel>
                <ntitle> Macbeth </ntitle>
                <author> William Shakespeare </author>
                <published> 1603/1607 </published>
                <descrnovel> <p><center>"Act I</center></p>
                <p>On a bleak Scottish moorland, Macbeth and Banquo, two of King Duncan's generals, discover three strange women (witches). The witches prophesy that Macbeth will be promoted twice: to Thane of Cawdor (a rank of the aristocracy bestowed by grateful kings) and King of Scotland. Banquo's descendants will be kings, but Banquo isn't promised any kingdom himself. The generals want to hear more, but the "weird sisters" disappear. Soon afterwards, King Duncan names Macbeth Thane of Cawdor as a reward for his success in the recent battles. The promotion seems to support the prophecy. The King then proposes to make a brief visit that night to Macbeth's castle at Inverness. Lady Macbeth receives news from her husband about the prophecy and his new title. She vows to help him become king by whatever means are necessary (*ominous music*).</p>
                
                <p><center>Act II </center></p>
                <p>Macbeth re-visitations of his mansion, followed very quickly by King Duncan. The Macbeths plot together to murder Duncan and stand by until everybody is sleeping. At the delegated time, Lady Macbeth gives the watchmen sedated wine so Macbeth can enter and kill the King. He laments this very quickly, however his significant other consoles him. She leaves the wicked knifes by the dead ruler not long before Macduff, an aristocrat, shows up. At the point when Macduff finds the homicide, Macbeth executes the tipsy watchmen in a demonstration of fury and revenge. Duncan's children, Malcolm and Donalbain, escape, dreading for their own lives; however they are, by and by, accused for the homicide.</p>
                
                <p><center>Act III</center> </p>
                <p>Macbeth becomes King of Scotland yet is tormented by sentiments of frailty. He recollects the prediction that Banquo's relatives will acquire the seat and masterminds Banquo and his child Fleance to be executed. In the dimness, Banquo is killed, yet his child gets away from the professional killers. At his state meal that night, Macbeth sees the apparition of Banquo and stresses the subjects with his distraught reaction. Woman Macbeth excuses the court and ineffectively attempts to quiet her better half. </p>
                
                <p><center>Act IV </center></p>
                <p>Macbeth searches out the witches who state that he will be sheltered until a neighborhood wood, Birnam Wood, walks into fight against him. He likewise need not dread anybody conceived of lady (that sounds secure, no escape clauses here). They likewise forecast that the Scottish progression will even now come from Banquo's child. Macbeth leaves on a rule of dread, butchering many, including Macduff's family. Macduff had gone to look for Malcolm (one of Duncan's children who fled) at the court of the English lord. Malcolm is youthful and uncertain of himself, yet Macduff, tormented with melancholy, convinces him to lead a military against Macbeth. </p>
                
                <p><center>Act V </center></p>
                <p>Macbeth has a sense of security in his distant palace at Dunsinane until he is informed that Birnam Wood is moving towards him. Malcolm's military is conveying branches from the woods as disguise for their attack on Macbeth's fortress. In the interim, a spent and heart ridden Lady Macbeth strolls in her rest and reveals to her privileged insights to her primary care physician. She ends it all. As the last fight initiates, Macbeth knows about Lady Macbeth's self destruction and grieves."</p> </descrnovel>
                <link><a href="Macbeth.pdf" target="_blank">PDF</a></link>
            </novel>
        </report>

        <report>
            <novel>
                <ntitle> At the Hawks Well </ntitle>
                <author> William Butler Yeats </author>
                <published> 1916 </published>
                <descrnovel> The play “At the Hawk’s Well”, from Yeats, can be considered the first experimental play since it was the first Irish play that also included features of the Japanese theater Noh, which helped Yeats write a different form of drama. 
                Some of those features brought from the Japanese theater are the songs and the music played that it is heard throughout the whole play. Another feature is also how the play and the stage are simplified by having fewer characters and props (the use of a cloth to represent the main object of the play: the well). The plot of the play is also very simple and entirely in verse. 
                Although it was the desire of Yeats to introduce the Japanese influences to his work, he never forgot to insert the Irish perspective, building then a bridge between this two worlds and also being able to introduce symbolism to his plays contrarily to the more realistic theater that Yeats was used to deliver to his audience. </descrnovel>
            </novel>
        </report>

        <report>
            <novel>
                <ntitle> The Pot of Broth </ntitle>
                <author> William Butler Yeats </author>
                <published> 1905 </published>
                <descrnovel><p> “The Pot of Broth”, from William Butler Yeats, has as a main character the Tramp. He is a homeless person, a traveller that is able to make people believe that the stone that he carries is magical and with it is able to make a pot of broth. For that to be accomplished, we notice that the Tramp has some set of characteristics that makes him believable.</p>
               <p> The most striking characteristic is of a good story-teller. He has the gift of the word and he’s able to entice the audience and make everybody believe him. The whole play revolves around the story that the Tramp is able to create about the “magical” stone, “It can do many things, and what it’s going to do now is to make a drop of broth for my dinner”.  However, this quality also shows how manipulative the Tramp is in order to make people believe that the stone is in fact magical and, able to actually make the broth “No one in the world but myself has one ma’am, and no other stone in the world has the same power, for it has enchantment on it”.  The Tramp is also very astute, always alert and looking for food to put in the pot while distracting the couple with his stories, for example when he distracts John to use the ham bone to stir the pot even when he doesn’t even mention the ham bone “[Looking around at the ham bone] Give me the loan of a kippeen to stir the pot with… (…) I didn’t say a ham bone I said a hare-skin coat.”.</p>
               <p>Right from the beginning, Tramp is able to entice John but Sibby was in doubt, so Tramp engages in captivating Sibby’s attention in order to make her believe in his tale. He starts by distracting and sweet talking her with tales and compliments about all the man that became heartbroken when she married John, “Did you ever heard what the boys in your own parish were singing after you being married from them- such of them that had any voice at all and not chocked with crying, or senseless with the drop of drink they took to comfort them and to keep their wits from going, with the loss of you.”. All of this qualities show how wise the Tramp actually is, in order to cook a meal while making the couple believe the power of the stone. </p></descrnovel>
            </novel>
        </report>

        <report>
            <novel>
                <ntitle> Riders to the Sea </ntitle>
                <author> John Synge </author>
                <published> 1904 </published>
                <descrnovel> <p>“Riders to the Sea” is a single act tragedy written by John Synge. It is one of the most important plays to be played in the National Irish Theater since it was the first to ever be translated. The play is majorly focused in the human inability to fight against the sea. Is focused on the struggle men have once they embrace that specific life to provide and sustain their families. However, the play itself focuses more on the part of the women that stay, waiting for their sons or husbands to come back which sometimes doesn’t happen, so they stay and grief their lost. In this case, the audience witnesses a case of a mother that already lost 5 of their 6 sons, and her last son is going to the sea against her will. </p>
                <p>So, the main character is the mother, Maurya, she is a widow that lost her husband as well as their 5 sons because of the sea. She is the wisest character in play since she is aware of the conditions of the weather and sea (contrarily to the young priest); she’s also mentally very strong by witnessing the birth and dead of their children; but also, she is a sign of resilience and endurance since she is a suffering mother but at the same time someone that is able to understand nature as nobody else, as also was able to get the holy water and do what she had to do to the body of her son. All her actions are a clear sign of strength.</p>

                <p><i>“MAURYA: Michael has a clean burial in the far north, by the grace of the Almighty God. Bartley will have a fine coffin out of the white boards, and a deep grave surely. What more can we want than that? No man at all can be living for ever, and we must be satisfied.”</i></p> </descrnovel>
            </novel>
        </report>
    </years>

</portfolio>